{"cameraMode":{"drawMode":0,"name":"Shaded","section":"Shading Mode"},"sceneLighting":true,"audioPlay":false,"sceneViewState":{"showFog":true,"showMaterialUpdate":false,"showSkybox":true,"showFlares":true,"showImageEffects":true,"showParticleSystems":true},"in2DMode":false,"pivot":{"x":13.800000190734864,"y":10.710000038146973,"z":6.110000133514404},"rotation":{"x":-0.04683437943458557,"y":0.9239329099655151,"z":-0.12014380097389221,"w":-0.3601666986942291},"size":22.0,"orthographic":true}