{"cameraMode":{"drawMode":0,"name":"Shaded","section":"Shading Mode"},"sceneLighting":true,"audioPlay":false,"sceneViewState":{"showFog":true,"showMaterialUpdate":false,"showSkybox":true,"showFlares":true,"showImageEffects":true,"showParticleSystems":true},"in2DMode":false,"pivot":{"x":-10.103598594665528,"y":-1.6016814708709717,"z":-18.420059204101564},"rotation":{"x":-0.04683437943458557,"y":0.9239329099655151,"z":-0.12014380097389221,"w":-0.3601666986942291},"size":21.9554500579834,"orthographic":true}