{"cameraMode":{"drawMode":0,"name":"Shaded","section":"Shading Mode"},"sceneLighting":true,"audioPlay":false,"sceneViewState":{"showFog":true,"showMaterialUpdate":false,"showSkybox":true,"showFlares":true,"showImageEffects":true,"showParticleSystems":true},"in2DMode":false,"pivot":{"x":-4.06744384765625,"y":5.5666279792785648,"z":-2.1962618827819826},"rotation":{"x":-0.04683437943458557,"y":0.9239329099655151,"z":-0.12014380097389221,"w":-0.3601666986942291},"size":22.0,"orthographic":true}