{"cameraMode":{"drawMode":0,"name":"Shaded","section":"Shading Mode"},"sceneLighting":true,"audioPlay":false,"sceneViewState":{"showFog":true,"showMaterialUpdate":false,"showSkybox":true,"showFlares":true,"showImageEffects":true,"showParticleSystems":true},"in2DMode":false,"pivot":{"x":-11.601034164428711,"y":1.472760558128357,"z":-13.566781997680664},"rotation":{"x":-0.04683437943458557,"y":0.9239329099655151,"z":-0.12014380097389221,"w":-0.3601666986942291},"size":26.583450317382814,"orthographic":true}